{"train/loss": 0.2756, "train/grad_norm": 5.2775797843933105, "train/learning_rate": 1.335568292419163e-06, "train/epoch": 1.0, "train/global_step": 9247, "_timestamp": 1710481075.9334104, "_runtime": 5463.151203393936, "_step": 19, "train_runtime": 5347.1412, "train_samples_per_second": 110.667, "train_steps_per_second": 1.729, "total_flos": 7.900925099184e+16, "train_loss": 0.5513559619684509, "eval/loss": 1.6250030994415283, "eval/runtime": 116.4335, "eval/samples_per_second": 214.835, "eval/steps_per_second": 3.358, "_wandb": {"runtime": 5462}}