{"total_parameters": 130768641.0, "_timestamp": 1710762725.315528, "_runtime": 32173.39372587204, "_step": 11560, "loss": 5.703125, "_wandb": {"runtime": 32173}}