{"total_parameters": 130768641.0, "_timestamp": 1710730359.1784844, "_runtime": 156.29974746704102, "_step": 4, "loss": 9.3125, "_wandb": {"runtime": 156}}