{"total_parameters": 130768641.0, "_timestamp": 1710769637.219395, "_runtime": 4161.843505859375, "_step": 1439, "loss": 6.0703125, "avg_loss": 6.197323069852941, "_wandb": {"runtime": 4162}}