{"total_parameters": 130768641.0, "_timestamp": 1710801738.022623, "_runtime": 32011.60507297516, "_step": 11571, "loss": 5.703125, "avg_loss": 5.8651363808391, "time": 31871.15985417366, "_wandb": {"runtime": 32010}}