{"total_parameters": 151277313.0, "_timestamp": 1710765233.2216063, "_runtime": 365.986483335495, "_step": 77, "loss": 6.234375, "_wandb": {"runtime": 367}}